[{
  "wellSettings": [{
    "wellName": [3, 50],
    "latitude": [-90, 90],
    "longitude": [-180, 180],
    "password": [8, 50]
  }],
  "cellularSettings": [{
    "cellularModeRegister": ["?"],
    "cellularRssiRegister": ["?"],
    "cellularSinrRegister": ["?"]
  }],
  "algorithmsTuningParameters": [{
    "badDataThreshold": ["?"],
    "badDataPeriod": ["?"],
    "gpStabilizationDuration": [],
    "calculateGasCompressibility": ["missing info"],
    "reflectionDetectionFilteringHighPassCutFrequency": ["?"],
    "reflectionDetectionFilteringLowPassFrequency": ["?"],
    "reflectionDetectionStartOffset": ["?"],
    "reflectionDetectionSmoothingWindowDuration": ["? & missing info"],
    "reflectionDetectionLightingMinRatio": ["? & missing info"],
    "reflectionDetectionLightingRelyOnAmplitude": ["min sum 100, missing info and 3 inputs validation errors"],
    "reflectionDetectionLightingRelyOnProximity": ["? , missing info,same validation error"],
    "reflectionDetectionLightingRelyOnArea": ["? , missing info, same validation error"]
  }],
  "avShot" : [{
    "pulseDetectionPulseCount": ["min 0, max ?"]
  }],
  "shotDurations": [{ //missing all validation errors
    "flShotBuildingDuration": [],
    "avShotBuildingDuration": [],
    "flShootingDuration": [],
    "avShootingDuration": [],
    "fL/AVTimeBeforeShot": [],
    "relaxingDuration": [],
    "flRelaxingDuration": [],
    "avRelaxingDuration": [],
    "valveDiffPressureReducingDuration": []
  }],
  "shotstartDetection": [{ //missing all validation errors
    "startDetectionSmoothingWindowDuration": [],
    "sSDiffFromMean": [],
    "startDetectionStartOffset": [],
    "startDetectionStopOffset": []
  }],
  "channelsettings": [{
    "acousticAcquisitionPeriod": ["??????"]
  }],
  "acousticSensor": [{ //missing all validation errors
    "acousticSensorChannelADCRangeMin": [],
    "acousticSensorChannelADCRangeMax": []
  }],
  "algorithmSettings": [{ //missing all validation errors
    "pdpCalculationAccuracy": [],
    "pdpCalculationStepsMax": [],
    "dimA": [],
    "posnOffset": [],
    "posnPeekThresholdRate": [],
    "posnPeekSmoothingWindowSize": [],
    "strokeMaxDuration": [],
    "dhSize": [],
    "sf2dhFourierCoefficientsCount": [],
    "stressVelocityAdjustmentCoefficient": [],
    "strokeMinLengthRate": []
  }],
  "physicalParameters": [{//????
    "strokeEndCrankTicksCount": ["?????"]
  }],
  "otherSettings": [{//missing all validation errors
    "markedStrokeAdjacencyCount": [],
    "markedStrokeStandardPeriod": []
  }],
  "startupBuzzer/LED": [{//missing all validation errors
    "buzzingDuration": [],
    "startingTimeout": [],
    "stoppingTimeout": []
  }],
  "inclinometer&LoadCell&Crank": [{//missing all validation errors
    "inclinometerChannelMinValue": [],
    "inclinometerChannelMaxValue": [],
    "loadCellChannelADCRangeMin": [],
    "loadCellChannelADCRangeMax": []
  }]
}]
